,Salary_Hike,Churn_Out_Rate,Predicted_Churn_Out_Rate
1,1580,92,1538.1074415453
2,1600,85,1590.87435481769
3,1610,80,1629.66973691782
4,1640,75,1669.41119101148
5,1660,72,1693.71975235641
6,1690,70,1710.12178820063
7,1706,68,1726.68266188061
8,1730,65,1751.8251622038
9,1800,62,1777.33376646517
10,1870,60,1794.54552307612
