,Calories Consumed,Weight Gained,Predicted_Weight_Gained
1,1500,108,1805.90933350364
2,2300,200,1953.10147120289
3,3400,900,3545.19461674261
4,2200,200,1953.10147120289
5,2500,300,2126.73169485471
6,1600,110,1808.98806056893
7,1400,128,1836.93386972594
8,1900,62,1736.52688025204
9,2800,600,2745.84736572425
10,3900,1100,4203.54667193048
11,1670,100,1793.64673317454
12,1900,150,1871.67680794026
13,2700,350,2219.25216172638
14,3000,700,2989.95249761524
